Country;DD
Austria;0.704258697
Belgium;0.595654057
Czech Republic;0.319827083
Denmark;-0.812952002
Finland;-0.799872915
France;0.566041435
Germany;-0.008926723
Hungary;0.388999105
Iceland;-0.880389635
Ireland;0.815761745
Italy;0.834213137
Malta;0.964999469
Netherlands;0.072222181
Norway;-0.811985146
Poland;0.923433752
Portugal;0.916476719
Slovakia;0.662162232
Spain;0.734484309
Sweden;-0.632322492
